month,org_name,ts_code,name
202601,东海证券,002353.SZ,杰瑞股份
202601,东海证券,002648.SZ,卫星化学
202601,东海证券,002946.SZ,新乳业
202601,东海证券,600143.SH,金发科技
202601,东海证券,600346.SH,恒力石化
202601,东海证券,600933.SH,爱柯迪
202601,东海证券,603192.SH,汇得科技
202601,东海证券,688278.SH,特宝生物
202601,东海证券,688332.SH,中科蓝讯
202601,东海证券,688608.SH,恒玄科技
202601,中原证券,002709.SZ,天赐材料
202601,中原证券,002714.SZ,牧原股份
202601,中原证券,003021.SZ,兆威机电
202601,中原证券,600989.SH,宝丰能源
202601,中原证券,601689.SH,拓普集团
202601,中原证券,688041.SH,海光信息
202601,中原证券,688160.SH,步科股份
202601,中原证券,688303.SH,大全能源
202601,中原证券,688498.SH,源杰科技
202601,中原证券,688568.SH,中科星图
202601,中国银河,000528.SZ,柳工
202601,中国银河,000893.SZ,亚钾国际
202601,中国银河,002050.SZ,三花智控
202601,中国银河,002128.SZ,电投能源
202601,中国银河,300308.SZ,中际旭创
202601,中国银河,600879.SH,航天电子
202601,中国银河,601888.SH,中国中免
202601,中国银河,601899.SH,紫金矿业
202601,中国银河,603986.SH,兆易创新
202601,中泰证券,000498.SZ,山东路桥
202601,中泰证券,000923.SZ,河钢资源
202601,中泰证券,002080.SZ,中材科技
202601,中泰证券,300900.SZ,广联航空
202601,中泰证券,301231.SZ,荣信文化
202601,中泰证券,600115.SH,中国东航
202601,中泰证券,600309.SH,万华化学
202601,中泰证券,601019.SH,山东出版
202601,中泰证券,601077.SH,渝农商行
202601,中泰证券,601088.SH,中国神华
202601,中泰证券,601601.SH,中国太保
202601,中泰证券,601665.SH,齐鲁银行
202601,中泰证券,601888.SH,中国中免
202601,中泰证券,603119.SH,浙江荣泰
202601,中泰证券,603730.SH,岱美股份
202601,中泰证券,605499.SH,东鹏饮料
202601,中泰证券,688059.SH,华锐精密
202601,中泰证券,688385.SH,复旦微电
202601,光大证券,002138.SZ,顺络电子
202601,光大证券,300308.SZ,中际旭创
202601,光大证券,300502.SZ,新易盛
202601,光大证券,600028.SH,中国石化
202601,光大证券,600690.SH,海尔智家
202601,光大证券,600848.SH,上海临港
202601,光大证券,601398.SH,工商银行
202601,光大证券,601857.SH,中国石油
202601,光大证券,601899.SH,紫金矿业
202601,华泰证券,000708.SZ,中信特钢
202601,华泰证券,000933.SZ,神火股份
202601,华泰证券,300308.SZ,中际旭创
202601,华泰证券,600031.SH,三一重工
202601,华泰证券,600970.SH,中材国际
202601,国信证券,002078.SZ,太阳纸业
202601,国信证券,003816.SZ,中国广核
202601,国信证券,601888.SH,中国中免
202601,国信证券,601899.SH,紫金矿业
202601,国信证券,603163.SH,圣晖集成
202601,国信证券,603259.SH,药明康德
202601,国信证券,688127.SH,蓝特光学
202601,国联民生,000333.SZ,美的集团
202601,国联民生,002984.SZ,森麒麟
202601,国联民生,300274.SZ,阳光电源
202601,国联民生,300308.SZ,中际旭创
202601,国联民生,300699.SZ,光威复材
202601,国联民生,301396.SZ,宏景科技
202601,国联民生,600258.SH,首旅酒店
202601,国联民生,600711.SH,盛屯矿业
202601,国联民生,601138.SH,工业富联
202601,国联民生,601318.SH,中国平安
202601,国金证券,000807.SZ,云铝股份
202601,国金证券,600183.SH,生益科技
202601,国金证券,601100.SH,恒立液压
202601,国金证券,601211.SH,国泰海通
202601,国金证券,603308.SH,应流股份
202601,国金证券,688127.SH,蓝特光学
202601,国金证券,688278.SH,特宝生物
202601,平安证券,002202.SZ,金风科技
202601,平安证券,300223.SZ,北京君正
202601,平安证券,300438.SZ,鹏辉能源
202601,平安证券,600801.SH,华新建材
202601,平安证券,600988.SH,赤峰黄金
202601,平安证券,601601.SH,中国太保
202601,平安证券,603993.SH,洛阳钼业
202601,平安证券,688041.SH,海光信息
202601,平安证券,688208.SH,道通科技
202601,平安证券,688235.SH,百济神州-U
202601,海通国际,002050.SZ,三花智控
202601,海通国际,600690.SH,海尔智家
202601,海通国际,600875.SH,东方电气
202601,海通国际,600887.SH,伊利股份
202601,海通国际,688012.SH,中微公司
202601,海通国际,688169.SH,石头科技
202601,海通国际,688208.SH,道通科技
